,Label,X2.Hydroxybutyrate,Acetone,Succinate,Glucose,Trimethylamine,Lactate,cis.Aconitate,Guanidoacetate,X2.Hydroxyisobutyrate,Isoleucine,X2.Oxoisocaproate,X3.Methyl.2.oxovalerate,Dimethylamine,Pyruvate,Threonine,Carnitine,Choline
N-1,Normal,6.144408298,2.938364991,3.584340761,8.662574066,2.803266435,10.77712923,4.929075983,5.943673591,4.152843702,2.094376868,3.219742011,3.370728948,5.10389194,5.652642108,4.020662026,7.126155337,4.671372942
N-10,Normal,4.200430212,2.695165101,0.431454691,4.19335352,1.659479692,8.263348069,2.435098055,4.795671798,2.812966422,0.967772632,1.370462571,2.117609589,4.252427068,3.963096161,3.079870576,4.039075474,1.669714192
CMT-070,Benign,5.602920013,5.334687054,3.37438779,7.608461265,6.189113273,14.24216454,5.912180142,3.086826536,4.408703714,0.541533742,0.538179184,1.135494204,5.780651662,4.767489629,1.474555983,6.316700492,3.857309575
CMT-074,Benign,7.03125761,3.841883779,2.428186124,6.750079367,2.491324998,9.193913674,4.744775861,6.542910003,4.374609131,2.182514164,3.207051702,4.146492856,5.470539309,4.476428003,4.559797372,6.307076551,3.694055391
CMT-239,Malignant,3.678088884,3.514841104,1.884896609,5.766978155,2.428212346,8.57796722,4.421406911,5.93193522,3.633679731,1.128862412,1.20225078,2.084420532,4.493345813,3.667761986,2.925280879,5.315569611,1.945995099
CMT-242,Malignant,5.794589997,2.98687096,8.449181326,3.73687773,3.96498276,8.494040667,4.161897499,6.515930278,4.053629947,1.334873427,0.87766057,1.87359023,4.756773676,2.194702877,4.351366992,3.625606519,3.286077923
