,Label,Isoleucine,X2.Oxoisocaproate,X3.Methyl.2.oxovalerate,Dimethylamine,Pyruvate,Threonine,Carnitine
CMT-008,1,0.757984611,2.545445978,2.693523607,5.456475763,5.520207742,5.38669245,5.103682962
CMT-149,1,1.219833317,2.756992988,3.015971397,5.921064451,3.054950778,4.820105423,5.811515192
CMT-374,1,0.919095691,2.106589418,2.745318323,8.886858543,4.791481901,3.971148602,4.134866956
N-6,0,1.152373511,2.404184209,2.51120468,4.763824095,6.349458869,2.916234918,6.210791461
N-7,0,1.240970503,2.357439945,3.328452806,4.6648519,2.274005771,3.649876752,4.610868539
N-8,0,2.806866902,2.275182676,2.634237857,5.067801619,5.191349578,5.335540152,5.376312275
