,Label,Isoleucine,X2.Oxoisocaproate,X3.Methyl.2.oxovalerate,Dimethylamine,Pyruvate,Threonine,Carnitine
CMT-276,1,1.472158431,2.632106894,3.462999115,5.065013662,4.856847392,1.74565746,5.587443341
CMT-442,1,0.701490186,1.858743624,1.906543886,4.856211116,4.464434656,3.262819559,7.04099221
CMT-021,1,1.607594114,2.633173135,3.226562177,6.557014286,5.287180988,5.751999168,5.80359181
N-48,0,1.029085604,1.561384555,2.378067943,5.498486697,3.070969319,2.068034475,6.046940831
N-5,0,1.201038061,1.309309918,1.917347753,4.983662662,3.874051931,4.448213818,5.294796914
N-9,0,0.443572666,0.622885331,0.774786408,4.474962262,2.374240358,2.351525092,3.233466589
